﻿<?xml version="1.0" encoding="utf-8"?>
<manifest identifier="_6L5YYYm7sgS_course_id" version="1.0" xmlns="http://www.imsproject.org/xsd/imscp_rootv1p1p2" xmlns:adlcp="http://www.adlnet.org/xsd/adlcp_rootv1p2" xmlns:xsi="http://www.w3.org/2001/XMLSchema-instance" xsi:schemaLocation="http://www.imsproject.org/xsd/imscp_rootv1p1p2 imscp_rootv1p1p2.xsd http://www.imsglobal.org/xsd/imsmd_rootv1p2p1 imsmd_rootv1p2p1.xsd http://www.adlnet.org/xsd/adlcp_rootv1p2 adlcp_rootv1p2.xsd">
  <metadata>
    <schema>ADL SCORM</schema>
    <schemaversion>1.2</schemaversion>
    <lom xmlns="http://www.imsglobal.org/xsd/imsmd_rootv1p2p1" xmlns:xsi="http://www.w3.org/2001/XMLSchema-instance" xsi:schemaLocation="http://www.imsglobal.org/xsd/imsmd_rootv1p2p1 imsmd_rootv1p2p1.xsd">
      <general>
        <title>
          <langstring xml:lang="x-none">016 las tres C de la cobranza</langstring>
        </title>
      </general>
      <lifecycle>
        <version>
          <langstring xml:lang="x-none">1</langstring>
        </version>
        <status>
          <source>
            <langstring xml:lang="x-none">LOMv1.0</langstring>
          </source>
          <value>
            <langstring xml:lang="x-none">Final</langstring>
          </value>
        </status>
      </lifecycle>
      <metametadata>
        <metadatascheme>ADL SCORM 1.2</metadatascheme>
      </metametadata>
      <educational>
        <typicallearningtime>
          <datetime>PT0H0M0S</datetime>
        </typicallearningtime>
      </educational>
      <rights>
        <cost>
          <source>
            <langstring xml:lang="x-none">LOMv1.0</langstring>
          </source>
          <value>
            <langstring xml:lang="x-none">yes</langstring>
          </value>
        </cost>
        <copyrightandotherrestrictions>
          <source>
            <langstring xml:lang="x-none">LOMv1.0</langstring>
          </source>
          <value>
            <langstring xml:lang="x-none">yes</langstring>
          </value>
        </copyrightandotherrestrictions>
      </rights>
    </lom>
  </metadata>
  <organizations default="016_las_tres_C_de_la_cobranza_ORG">
    <organization identifier="016_las_tres_C_de_la_cobranza_ORG">
      <title>016 las tres C de la cobranza</title>
      <item identifier="Persuasion_SCO" isvisible="true" identifierref="__6L5YYYm7sgS_course_id_RES">
        <title>016 las tres C de la cobranza</title>
        <adlcp:masteryscore>80</adlcp:masteryscore>
      </item>
    </organization>
  </organizations>
  <resources>
    <resource identifier="__6L5YYYm7sgS_course_id_RES" type="webcontent" href="index_lms.html" adlcp:scormtype="sco">
      <file href="story_content/thumbnail.jpg" />
      <file href="story_content/video_6mY3yHoq4Zg_0_56_1920x1080.mp4" />
      <file href="mobile/poster_6LGedPZcvQ5_video_6mY3yHoq4Zg_0_56_1920x1080.jpg" />
      <file href="mobile/66nVvNssVYu_80_DX1440_DY1440_CX1509_CY849.png" />
      <file href="story_content/63w2j5TqQI2_44100_56_0.mp3" />
      <file href="mobile/5cckzEeBfL3_80_DX1440_DY1440_CX1509_CY849.png" />
      <file href="mobile/6kTwV1kk5Nt_80_DX1440_DY1440_CX1509_CY849.png" />
      <file href="mobile/6CGxVdNNzaW_80_DX1440_DY1440_CX1509_CY849.png" />
      <file href="mobile/6gcCQL2fGm9_80_DX1440_DY1440_CX1509_CY849.png" />
      <file href="story_content/6PJk7MvXsK8_44100_56_0.mp3" />
      <file href="mobile/6mhyZRq81FC_80_DX1440_DY1440_CX1509_CY849.png" />
      <file href="mobile/6NjiCF1z6TH_80_DX1440_DY1440_CX1509_CY849.png" />
      <file href="story_content/6FjROhzDQyT_44100_56_0.mp3" />
      <file href="mobile/6gcCQL2fGm9_80_P_0_0_1920_139_DX1440_DY1440_CX1503_CY109.png" />
      <file href="mobile/5klozdeA8iX_80_DX1440_DY1440_CX1509_CY849.png" />
      <file href="mobile/6TwEpJrn63m_80_DX1440_DY1440_CX1509_CY849.png" />
      <file href="story_content/5y4KXEeqbWe_44100_56_0.mp3" />
      <file href="mobile/5yeFteYl18Z_80_DX1440_DY1440_CX1509_CY849.png" />
      <file href="mobile/6jkpqP6VSJa_80_DX1440_DY1440_CX1509_CY849.png" />
      <file href="story_content/6qnWZ90swRk_44100_56_0.mp3" />
      <file href="mobile/5yMhKdKgaIO_80_DX1440_DY1440_CX1509_CY849.png" />
      <file href="mobile/5iLqCh6GehA_80_DX1440_DY1440_CX1509_CY849.png" />
      <file href="mobile/5V0Xvqfw8sK_80_DX1440_DY1440_CX1509_CY849.png" />
      <file href="meta.xml" />
      <file href="story_content/user.js" />
      <file href="mobile/txt__default_5oi3XF84Vor.png" />
      <file href="html5/data/css/output.min.css" />
      <file href="html5/data/js/5fLx2i7z55k.js" />
      <file href="html5/data/js/5k7FHyv2wHt.js" />
      <file href="html5/data/js/5mnFB3tX4qA.js" />
      <file href="html5/data/js/5sH31NkNWys.js" />
      <file href="html5/data/js/5xWamI57cNO.js" />
      <file href="html5/data/js/5Z971RujoHK.js" />
      <file href="html5/data/js/6C7GmnpjslZ.js" />
      <file href="html5/data/js/6DyYfdhUVhY.js" />
      <file href="html5/data/js/6E1kvEviyMY.js" />
      <file href="html5/data/js/6h3b35IoUe1.js" />
      <file href="html5/data/js/6Rp7idzLLr4.js" />
      <file href="html5/data/js/6TJtC3iiebk.js" />
      <file href="html5/data/js/data.js" />
      <file href="html5/data/js/frame.js" />
      <file href="html5/data/js/paths.js" />
      <file href="html5/lib/scripts/ds-bootstrap.min.js" />
      <file href="html5/lib/scripts/ds-frame.desktop.min.js" />
      <file href="html5/lib/scripts/ds-frame.mobile.min.js" />
      <file href="html5/lib/scripts/ds-slides.min.js" />
      <file href="html5/lib/stylesheets/desktop.min.css" />
      <file href="html5/lib/stylesheets/mobile.min.css" />
      <file href="html5/lib/stylesheets/mobile-fonts/open-sans-bold.woff" />
      <file href="html5/lib/stylesheets/mobile-fonts/open-sans-light.woff" />
      <file href="html5/lib/stylesheets/mobile-fonts/open-sans-regular.woff" />
      <file href="analytics-frame.html" />
      <file href="story.html" />
      <file href="index_lms.html" />
      <file href="lms/AICCComm.html" />
      <file href="lms/blank.html" />
      <file href="lms/browsersniff.js" />
      <file href="lms/goodbye.html" />
      <file href="lms/scormdriver.js" />
    </resource>
  </resources>
</manifest>