﻿<?xml version="1.0" encoding="utf-8"?>
<manifest identifier="_6TtdjnwUHS5_course_id" version="1.0" xmlns="http://www.imsproject.org/xsd/imscp_rootv1p1p2" xmlns:adlcp="http://www.adlnet.org/xsd/adlcp_rootv1p2" xmlns:xsi="http://www.w3.org/2001/XMLSchema-instance" xsi:schemaLocation="http://www.imsproject.org/xsd/imscp_rootv1p1p2 imscp_rootv1p1p2.xsd http://www.imsglobal.org/xsd/imsmd_rootv1p2p1 imsmd_rootv1p2p1.xsd http://www.adlnet.org/xsd/adlcp_rootv1p2 adlcp_rootv1p2.xsd">
  <metadata>
    <schema>ADL SCORM</schema>
    <schemaversion>1.2</schemaversion>
    <lom xmlns="http://www.imsglobal.org/xsd/imsmd_rootv1p2p1" xmlns:xsi="http://www.w3.org/2001/XMLSchema-instance" xsi:schemaLocation="http://www.imsglobal.org/xsd/imsmd_rootv1p2p1 imsmd_rootv1p2p1.xsd">
      <general>
        <title>
          <langstring xml:lang="x-none">pre-examen</langstring>
        </title>
      </general>
      <lifecycle>
        <version>
          <langstring xml:lang="x-none">1</langstring>
        </version>
        <status>
          <source>
            <langstring xml:lang="x-none">LOMv1.0</langstring>
          </source>
          <value>
            <langstring xml:lang="x-none">Final</langstring>
          </value>
        </status>
      </lifecycle>
      <metametadata>
        <metadatascheme>ADL SCORM 1.2</metadatascheme>
      </metametadata>
      <educational>
        <typicallearningtime>
          <datetime>PT0H0M0S</datetime>
        </typicallearningtime>
      </educational>
      <rights>
        <cost>
          <source>
            <langstring xml:lang="x-none">LOMv1.0</langstring>
          </source>
          <value>
            <langstring xml:lang="x-none">yes</langstring>
          </value>
        </cost>
        <copyrightandotherrestrictions>
          <source>
            <langstring xml:lang="x-none">LOMv1.0</langstring>
          </source>
          <value>
            <langstring xml:lang="x-none">yes</langstring>
          </value>
        </copyrightandotherrestrictions>
      </rights>
    </lom>
  </metadata>
  <organizations default="pre-examen_ORG">
    <organization identifier="pre-examen_ORG">
      <title>pre-examen</title>
      <item identifier="preexamen_SCO" isvisible="true" identifierref="__6TtdjnwUHS5_course_id_RES">
        <title>pre-examen</title>
        <adlcp:masteryscore>80</adlcp:masteryscore>
      </item>
    </organization>
  </organizations>
  <resources>
    <resource identifier="__6TtdjnwUHS5_course_id_RES" type="webcontent" href="index_lms.html" adlcp:scormtype="sco">
      <file href="story_content/thumbnail.jpg" />
      <file href="story_content/video_5nLTGwh0BC6_19_56_720x406.mp4" />
      <file href="mobile/poster_5kGitCwDRSM_video_5nLTGwh0BC6_19_56_720x406.jpg" />
      <file href="mobile/5VI6T4J98kM_80_DX1440_DY1440_CX1509_CY849.png" />
      <file href="mobile/63wuiYQca3F_80_DX1440_DY1440_CX1509_CY849.png" />
      <file href="mobile/6bdHzfoq11q_80_DX1440_DY1440_CX1509_CY849.png" />
      <file href="mobile/5jFw141BydE_80_DX1440_DY1440_CX1509_CY849.png" />
      <file href="mobile/5eT5fpr0098_80_DX1440_DY1440_CX1509_CY849.png" />
      <file href="mobile/5iTDkXvuT2i_80_DX1440_DY1440_CX1509_CY849.png" />
      <file href="mobile/65LLRAzBCHE_80_DX1440_DY1440_CX1509_CY849.png" />
      <file href="mobile/6XJSExzIgdl_80_DX1440_DY1440_CX1509_CY849.png" />
      <file href="mobile/6AULSZRsbPu_80_DX1440_DY1440_CX1509_CY849.png" />
      <file href="mobile/5ZQwMLyEypy_80_DX1440_DY1440_CX1509_CY849.png" />
      <file href="mobile/6AC1bXfeqZC_80_DX1440_DY1440_CX1509_CY849.png" />
      <file href="mobile/5ktU4EaYr3h_80_DX1440_DY1440_CX1509_CY849.png" />
      <file href="mobile/5ibiHcmA3qz_80_DX1440_DY1440_CX1509_CY849.png" />
      <file href="mobile/6fYbphBjnYB_80_DX1440_DY1440_CX1509_CY849.png" />
      <file href="mobile/6ALweqS9MXX_80_DX1440_DY1440_CX1509_CY849.png" />
      <file href="mobile/6G60YTEAXs5_80_DX1440_DY1440_CX1509_CY849.png" />
      <file href="mobile/5kc7KQakcRN_80_DX1440_DY1440_CX1509_CY849.png" />
      <file href="mobile/6jEfOFGBLcC_80_DX1440_DY1440_CX1509_CY849.png" />
      <file href="mobile/6dqsAk9Sqzn_80_DX1440_DY1440_CX1509_CY849.png" />
      <file href="mobile/5xGt9NLIWq2_80_DX1440_DY1440_CX1509_CY849.png" />
      <file href="mobile/68AQ3XLAgHT_80_DX1440_DY1440_CX1509_CY849.png" />
      <file href="meta.xml" />
      <file href="story_content/user.js" />
      <file href="html5/data/css/output.min.css" />
      <file href="html5/data/js/5f9vGAmNRr0.js" />
      <file href="html5/data/js/5ghwBXuqs3e.js" />
      <file href="html5/data/js/5iDHdjJhOJt.js" />
      <file href="html5/data/js/5ogXajme3dr.js" />
      <file href="html5/data/js/5sTqUFW9hyQ.js" />
      <file href="html5/data/js/5v5ifYGJq5s.js" />
      <file href="html5/data/js/5wVtksD4Qrx.js" />
      <file href="html5/data/js/5YLcf5rteAn.js" />
      <file href="html5/data/js/61SUViFWr3l.js" />
      <file href="html5/data/js/62sQjvkTtFE.js" />
      <file href="html5/data/js/631IumSSbfL.js" />
      <file href="html5/data/js/6363aUYbGTq.js" />
      <file href="html5/data/js/642BE6C3Nu9.js" />
      <file href="html5/data/js/65AbmNJj5kF.js" />
      <file href="html5/data/js/66jTi7YEWc4.js" />
      <file href="html5/data/js/685bnNsZvTg.js" />
      <file href="html5/data/js/6BUy6AFHB0s.js" />
      <file href="html5/data/js/6DOefyOx38n.js" />
      <file href="html5/data/js/6EiGdts6Sor.js" />
      <file href="html5/data/js/6eLG9SyeEtK.js" />
      <file href="html5/data/js/6oyiqv6NkyS.js" />
      <file href="html5/data/js/6PUjWZVeRz6.js" />
      <file href="html5/data/js/6WJZKNXiHDQ.js" />
      <file href="html5/data/js/data.js" />
      <file href="html5/data/js/frame.js" />
      <file href="html5/data/js/paths.js" />
      <file href="html5/lib/scripts/ds-bootstrap.min.js" />
      <file href="html5/lib/scripts/ds-frame.desktop.min.js" />
      <file href="html5/lib/scripts/ds-frame.mobile.min.js" />
      <file href="html5/lib/scripts/ds-slides.min.js" />
      <file href="html5/lib/stylesheets/desktop.min.css" />
      <file href="html5/lib/stylesheets/mobile.min.css" />
      <file href="html5/lib/stylesheets/mobile-fonts/open-sans-bold.woff" />
      <file href="html5/lib/stylesheets/mobile-fonts/open-sans-light.woff" />
      <file href="html5/lib/stylesheets/mobile-fonts/open-sans-regular.woff" />
      <file href="analytics-frame.html" />
      <file href="story.html" />
      <file href="index_lms.html" />
      <file href="lms/AICCComm.html" />
      <file href="lms/blank.html" />
      <file href="lms/browsersniff.js" />
      <file href="lms/goodbye.html" />
      <file href="lms/scormdriver.js" />
    </resource>
  </resources>
</manifest>