﻿<?xml version="1.0" encoding="utf-8"?>
<manifest identifier="_5Xao5T5OhRz_course_id" version="1.0" xmlns="http://www.imsproject.org/xsd/imscp_rootv1p1p2" xmlns:adlcp="http://www.adlnet.org/xsd/adlcp_rootv1p2" xmlns:xsi="http://www.w3.org/2001/XMLSchema-instance" xsi:schemaLocation="http://www.imsproject.org/xsd/imscp_rootv1p1p2 imscp_rootv1p1p2.xsd http://www.imsglobal.org/xsd/imsmd_rootv1p2p1 imsmd_rootv1p2p1.xsd http://www.adlnet.org/xsd/adlcp_rootv1p2 adlcp_rootv1p2.xsd">
  <metadata>
    <schema>ADL SCORM</schema>
    <schemaversion>1.2</schemaversion>
    <lom xmlns="http://www.imsglobal.org/xsd/imsmd_rootv1p2p1" xmlns:xsi="http://www.w3.org/2001/XMLSchema-instance" xsi:schemaLocation="http://www.imsglobal.org/xsd/imsmd_rootv1p2p1 imsmd_rootv1p2p1.xsd">
      <general>
        <title>
          <langstring xml:lang="x-none">014 role-play</langstring>
        </title>
      </general>
      <lifecycle>
        <version>
          <langstring xml:lang="x-none">1</langstring>
        </version>
        <status>
          <source>
            <langstring xml:lang="x-none">LOMv1.0</langstring>
          </source>
          <value>
            <langstring xml:lang="x-none">Final</langstring>
          </value>
        </status>
      </lifecycle>
      <metametadata>
        <metadatascheme>ADL SCORM 1.2</metadatascheme>
      </metametadata>
      <educational>
        <typicallearningtime>
          <datetime>PT0H0M0S</datetime>
        </typicallearningtime>
      </educational>
      <rights>
        <cost>
          <source>
            <langstring xml:lang="x-none">LOMv1.0</langstring>
          </source>
          <value>
            <langstring xml:lang="x-none">yes</langstring>
          </value>
        </cost>
        <copyrightandotherrestrictions>
          <source>
            <langstring xml:lang="x-none">LOMv1.0</langstring>
          </source>
          <value>
            <langstring xml:lang="x-none">yes</langstring>
          </value>
        </copyrightandotherrestrictions>
      </rights>
    </lom>
  </metadata>
  <organizations default="014_role-play_ORG">
    <organization identifier="014_role-play_ORG">
      <title>014 role-play</title>
      <item identifier="_014_role-play_SCO" isvisible="true" identifierref="__5Xao5T5OhRz_course_id_RES">
        <title>014 role-play</title>
        <adlcp:masteryscore>80</adlcp:masteryscore>
      </item>
    </organization>
  </organizations>
  <resources>
    <resource identifier="__5Xao5T5OhRz_course_id_RES" type="webcontent" href="index_lms.html" adlcp:scormtype="sco">
      <file href="story_content/thumbnail.jpg" />
      <file href="story_content/video_6nIrLk9mF2K_0_56_1920x1080.mp4" />
      <file href="mobile/poster_6kPApfT3DDL_video_6nIrLk9mF2K_0_56_1920x1080.jpg" />
      <file href="mobile/5p3uF85hevS_80_DX1440_DY1440_CX1509_CY849.png" />
      <file href="mobile/67DOXuiXbMU_80_DX1440_DY1440_CX1509_CY849.png" />
      <file href="mobile/5jGALRCMbW5_80_DX1440_DY1440_CX1509_CY849.png" />
      <file href="mobile/6EfV67NWQB1_80_DX1440_DY1440_CX1509_CY849.png" />
      <file href="mobile/67j945q377D_80_DX1440_DY1440_CX1509_CY849.png" />
      <file href="mobile/6XjOqISStSs_80_DX1440_DY1440_CX1509_CY849.png" />
      <file href="meta.xml" />
      <file href="story_content/user.js" />
      <file href="mobile/txt__default_6JrQSQcGcIB.png" />
      <file href="html5/data/css/output.min.css" />
      <file href="html5/data/js/5l7fb3d6DuM.js" />
      <file href="html5/data/js/5pKPSQT2UlR.js" />
      <file href="html5/data/js/5WdadRSCFVp.js" />
      <file href="html5/data/js/6EwAZxK1aoz.js" />
      <file href="html5/data/js/6f7KTITMKQJ.js" />
      <file href="html5/data/js/6l8n8LVZKy6.js" />
      <file href="html5/data/js/6Q0fFybkn3I.js" />
      <file href="html5/data/js/data.js" />
      <file href="html5/data/js/frame.js" />
      <file href="html5/data/js/paths.js" />
      <file href="html5/lib/scripts/ds-bootstrap.min.js" />
      <file href="html5/lib/scripts/ds-frame.desktop.min.js" />
      <file href="html5/lib/scripts/ds-frame.mobile.min.js" />
      <file href="html5/lib/scripts/ds-slides.min.js" />
      <file href="html5/lib/stylesheets/desktop.min.css" />
      <file href="html5/lib/stylesheets/mobile.min.css" />
      <file href="html5/lib/stylesheets/mobile-fonts/open-sans-bold.woff" />
      <file href="html5/lib/stylesheets/mobile-fonts/open-sans-light.woff" />
      <file href="html5/lib/stylesheets/mobile-fonts/open-sans-regular.woff" />
      <file href="analytics-frame.html" />
      <file href="story.html" />
      <file href="index_lms.html" />
      <file href="lms/AICCComm.html" />
      <file href="lms/blank.html" />
      <file href="lms/browsersniff.js" />
      <file href="lms/goodbye.html" />
      <file href="lms/scormdriver.js" />
    </resource>
  </resources>
</manifest>